"","Date reported to Alberta Health","Number of lab tests","Cumulative number of lab tests","Number of cases","Cumulative number of cases","Active cases","Currently hospitalized","Currently in ICU","Cumulative number of deaths","Number of deaths","Number of variants of concern","Percent positivity"
"1",2020-03-06,60,511,1,1,1,0,0,0,0,0,5
"2",2020-03-07,281,792,0,0,1,0,0,0,0,0,0
"3",2020-03-08,454,1246,0,0,1,0,0,0,0,0,0
"4",2020-03-09,643,1889,6,7,7,1,0,0,0,0,1.71
"5",2020-03-10,784,2673,9,16,16,1,0,0,0,0,1.91
"6",2020-03-11,1334,4007,7,23,23,1,0,0,0,0,0.6
"7",2020-03-12,1147,5154,3,26,26,2,1,0,0,0,0.26
"8",2020-03-13,1587,6741,8,34,34,5,2,0,0,0,1.2
"9",2020-03-14,1555,8296,22,56,55,5,2,0,0,0,1.93
"10",2020-03-15,1834,10130,11,67,66,5,2,0,0,0,0.87
"11",2020-03-16,1485,11615,24,91,90,6,2,0,0,0,2.63
"12",2020-03-17,2083,13698,11,102,101,7,3,0,0,0,0.48
"13",2020-03-18,2878,16576,29,131,128,12,3,1,1,0,1.88
"14",2020-03-19,2869,19445,32,163,159,15,8,1,0,0,1.67
"15",2020-03-20,3593,23038,47,210,203,16,9,1,0,0,1.64
"16",2020-03-21,3507,26545,35,245,237,19,10,1,0,0,1.17
"17",2020-03-22,2854,29399,47,292,277,20,10,1,0,0,1.26
"18",2020-03-23,2728,32127,53,345,324,22,10,1,0,0,1.65
"19",2020-03-24,3143,35270,68,413,384,29,11,1,0,0,1.81
"20",2020-03-25,1645,36915,63,476,439,33,11,1,0,0,3.65
"21",2020-03-26,1316,38231,53,529,480,34,11,1,0,0,2.74
"22",2020-03-27,3697,41928,85,614,543,35,13,1,0,0,2.41
"23",2020-03-28,2145,44073,54,668,562,38,14,1,0,0,2
"24",2020-03-29,1929,46002,34,702,566,41,15,5,4,0,0.98
"25",2020-03-30,2549,48551,40,742,562,43,17,10,5,0,1.18
"26",2020-03-31,4770,53321,132,874,657,43,18,11,1,0,2.56
"27",2020-04-01,3610,56931,108,982,714,42,20,12,1,0,2.3
"28",2020-04-02,4009,60940,122,1104,790,43,20,15,3,0,2.34
"29",2020-04-03,1723,62663,71,1175,806,45,19,18,3,0,2.44
"30",2020-04-04,1807,64470,60,1235,803,47,20,23,5,0,2.6
"31",2020-04-05,1185,65655,42,1277,781,44,20,25,2,0,3.21
"32",2020-04-06,941,66596,34,1311,729,45,18,28,3,0,2.66
"33",2020-04-07,1705,68301,53,1364,707,46,16,28,0,0,2.29
"34",2020-04-08,1288,69589,33,1397,668,49,16,32,4,0,2.17
"35",2020-04-09,2291,71880,45,1442,625,50,15,36,4,0,1.48
"36",2020-04-10,2851,74731,49,1491,590,52,15,40,4,0,1.4
"37",2020-04-11,2240,76971,65,1556,576,52,15,45,5,0,2.14
"38",2020-04-12,2305,79276,68,1624,594,50,15,45,0,0,2.52
"39",2020-04-13,2136,81412,68,1692,617,49,14,48,3,0,2.76
"40",2020-04-14,2572,83984,127,1819,698,48,15,48,0,0,4.67
"41",2020-04-15,3092,87076,133,1952,765,55,12,50,2,0,3.85
"42",2020-04-16,3099,90175,146,2098,870,58,13,50,0,0,4.94
"43",2020-04-17,5238,95413,213,2311,1031,63,14,54,4,0,4.01
"44",2020-04-18,3800,99213,187,2498,1171,56,16,57,3,0,4.79
"45",2020-04-19,4370,103583,201,2699,1331,62,19,62,5,0,4.51
"46",2020-04-20,4009,107592,183,2882,1467,62,18,66,4,0,4.71
"47",2020-04-21,4313,111905,264,3146,1691,61,20,72,6,0,5.91
"48",2020-04-22,4057,115962,294,3440,1944,64,19,75,3,0,7.2
"49",2020-04-23,4471,120433,340,3780,2223,65,18,80,5,0,7.67
"50",2020-04-24,4531,124964,232,4012,2405,70,21,80,0,0,5.16
"51",2020-04-25,4664,129628,222,4234,2554,70,19,84,4,0,4.97
"52",2020-04-26,4301,133929,203,4437,2679,75,21,88,4,0,4.49
"53",2020-04-27,3444,137373,178,4615,2742,77,20,90,2,0,5.14
"54",2020-04-28,4362,141735,249,4864,2848,79,23,94,4,0,5.89
"55",2020-04-29,5077,146812,231,5095,2923,86,22,96,2,0,4.53
"56",2020-04-30,5035,151847,222,5317,2932,89,22,100,4,0,4.37
"57",2020-05-01,2847,154694,141,5458,2877,82,23,102,2,0,4.25
"58",2020-05-02,4970,159664,112,5570,2806,83,19,104,2,0,2.25
"59",2020-05-03,3244,162908,70,5640,2701,83,21,106,2,0,2.37
"60",2020-05-04,2557,165465,79,5719,2542,82,21,107,1,0,2.89
"61",2020-05-05,3032,168497,62,5781,2328,84,20,111,4,0,2.01
"62",2020-05-06,2882,171379,65,5846,2056,79,19,112,1,0,2.22
"63",2020-05-07,4135,175514,87,5933,1889,78,18,115,3,0,2.18
"64",2020-05-08,3781,179295,77,6010,1772,73,16,115,0,0,2.17
"65",2020-05-09,4214,183509,85,6095,1665,64,14,117,2,0,1.97
"66",2020-05-10,3260,186769,71,6166,1548,65,12,118,1,0,2.18
"67",2020-05-11,2793,189562,47,6213,1328,64,11,121,3,0,1.75
"68",2020-05-12,3756,193318,70,6283,1182,65,11,124,3,0,1.86
"69",2020-05-13,4409,197727,62,6345,1031,61,9,124,0,0,1.47
"70",2020-05-14,4767,202494,61,6406,961,57,9,125,1,0,1.26
"71",2020-05-15,4700,207194,73,6479,921,52,9,126,1,0,1.57
"72",2020-05-16,3986,211180,54,6533,906,50,8,128,2,0,1.4
"73",2020-05-17,3189,214369,46,6579,868,50,9,129,1,0,1.57
"74",2020-05-18,3230,217599,38,6617,839,50,9,131,2,0,1.24
"75",2020-05-19,2503,220102,43,6660,811,45,8,132,1,0,1.8
"76",2020-05-20,3277,223379,27,6687,776,44,7,136,4,0,0.92
"77",2020-05-21,3722,227101,30,6717,726,42,6,138,2,0,0.83
"78",2020-05-22,3823,230924,27,6744,658,39,6,138,0,0,0.86
"79",2020-05-23,3861,234785,32,6776,622,35,7,139,1,0,0.83
"80",2020-05-24,3234,238019,29,6805,597,33,6,139,0,0,0.87
"81",2020-05-25,2958,240977,13,6818,552,33,5,141,2,0,0.44
"82",2020-05-26,3056,244033,19,6837,500,33,5,143,2,0,0.65
"83",2020-05-27,3603,247636,27,6864,468,31,4,143,0,0,0.78
"84",2020-05-28,3903,251539,28,6892,434,32,4,143,0,0,0.74
"85",2020-05-29,3862,255401,30,6922,402,33,5,144,1,0,0.78
"86",2020-05-30,3364,258765,20,6942,380,27,6,144,0,0,0.62
"87",2020-05-31,3133,261898,34,6976,379,24,6,144,0,0,1.09
"88",2020-06-01,2734,264632,21,6997,362,24,6,145,1,0,0.77
"89",2020-06-02,4055,268687,19,7016,343,25,6,146,1,0,0.62
"90",2020-06-03,4781,273468,18,7034,329,20,6,147,1,0,0.38
"91",2020-06-04,5416,278884,19,7053,325,18,5,147,0,0,0.39
"92",2020-06-05,5604,284488,37,7090,329,18,5,148,1,0,0.75
"93",2020-06-06,5870,290358,23,7113,321,18,5,150,2,0,0.44
"94",2020-06-07,5490,295848,33,7146,343,20,5,150,0,0,0.62
"95",2020-06-08,4976,300824,24,7170,343,19,5,151,1,0,0.52
"96",2020-06-09,5923,306747,38,7208,356,16,5,151,0,0,0.69
"97",2020-06-10,6850,313597,48,7256,372,16,4,151,0,0,0.73
"98",2020-06-11,8477,322074,43,7299,381,16,4,151,0,0,0.51
"99",2020-06-12,6183,328257,27,7326,384,20,5,151,0,0,0.44
"100",2020-06-13,7665,335922,35,7361,399,18,5,151,0,0,0.52
"101",2020-06-14,7459,343381,53,7414,425,20,6,151,0,0,0.76
"102",2020-06-15,6366,349747,36,7450,440,25,6,151,0,0,0.58
"103",2020-06-16,6970,356717,45,7495,476,27,7,151,0,0,0.67
"104",2020-06-17,7821,364538,46,7541,479,28,7,152,1,0,0.64
"105",2020-06-18,9100,373638,46,7587,501,30,6,152,0,0,0.57
"106",2020-06-19,7400,381038,47,7634,515,30,6,152,0,0,0.65
"107",2020-06-20,8324,389362,30,7664,523,27,7,152,0,0,0.38
"108",2020-06-21,6895,396257,33,7697,530,28,6,153,1,0,0.51
"109",2020-06-22,6542,402799,41,7738,516,26,6,153,0,0,0.61
"110",2020-06-23,6518,409317,45,7783,521,28,7,153,0,0,0.81
"111",2020-06-24,6367,415684,25,7808,488,27,8,153,0,0,0.47
"112",2020-06-25,6634,422318,36,7844,489,30,8,154,1,0,0.57
"113",2020-06-26,6396,428714,66,7910,495,32,8,154,0,0,1.13
"114",2020-06-27,6509,435223,37,7947,493,32,8,154,0,0,0.61
"115",2020-06-28,6997,442220,68,8015,531,32,9,154,0,0,1.03
"116",2020-06-29,7199,449419,44,8059,521,32,9,154,0,0,0.64
"117",2020-06-30,6952,456371,33,8092,518,32,8,155,1,0,0.62
"118",2020-07-01,7675,464046,64,8156,519,30,8,155,0,0,0.86
"119",2020-07-02,6739,470785,55,8211,551,33,9,155,0,0,0.91
"120",2020-07-03,5960,476745,30,8241,558,38,8,155,0,0,0.55
"121",2020-07-04,5545,482290,48,8289,564,46,7,156,1,0,0.92
"122",2020-07-05,5602,487892,48,8337,587,46,6,156,0,0,1.09
"123",2020-07-06,6014,493906,49,8386,601,47,6,156,0,0,0.78
"124",2020-07-07,6268,500174,44,8430,588,47,7,158,2,0,0.78
"125",2020-07-08,6970,507144,43,8473,572,41,7,159,1,0,0.66
"126",2020-07-09,7804,514948,74,8547,583,41,9,162,3,0,0.96
"127",2020-07-10,7528,522476,62,8609,564,43,8,162,0,0,0.85
"128",2020-07-11,10003,532479,90,8699,619,44,11,162,0,0,1.01
"129",2020-07-12,7595,540074,78,8777,670,46,13,162,0,0,1.12
"130",2020-07-13,5809,545883,87,8864,698,56,13,163,1,0,1.62
"131",2020-07-14,6386,552269,85,8949,703,61,7,166,3,0,1.44
"132",2020-07-15,8225,560494,115,9064,803,64,8,166,0,0,1.62
"133",2020-07-16,6484,566978,103,9167,856,68,15,167,1,0,1.73
"134",2020-07-17,9719,576697,168,9335,975,75,16,167,0,0,1.89
"135",2020-07-18,6857,583554,102,9437,1038,75,15,170,3,0,1.63
"136",2020-07-19,6961,590515,88,9525,1100,76,17,171,1,0,1.39
"137",2020-07-20,7817,598332,131,9656,1178,85,16,173,2,0,1.69
"138",2020-07-21,8156,606488,136,9792,1247,92,18,175,2,0,1.77
"139",2020-07-22,8230,614718,113,9905,1286,94,21,177,2,0,1.37
"140",2020-07-23,8741,623459,116,10021,1335,90,21,179,2,0,1.4
"141",2020-07-24,10589,634048,117,10138,1363,88,16,182,3,0,1.18
"142",2020-07-25,9855,643903,98,10236,1393,78,16,184,2,0,1.07
"143",2020-07-26,7443,651346,89,10325,1418,79,17,187,3,0,1.36
"144",2020-07-27,7910,659256,81,10406,1382,79,15,190,3,0,1.13
"145",2020-07-28,8989,668245,131,10537,1414,76,16,194,4,0,1.57
"146",2020-07-29,8674,676919,118,10655,1404,77,17,195,1,0,1.43
"147",2020-07-30,8392,685311,124,10779,1387,75,16,196,1,0,1.55
"148",2020-07-31,11514,696825,99,10878,1339,75,17,200,4,0,1.01
"149",2020-08-01,9148,705973,67,10945,1300,71,18,200,0,0,0.75
"150",2020-08-02,6934,712907,73,11018,1309,72,17,200,0,0,1.1
"151",2020-08-03,7246,720153,64,11082,1204,72,22,203,3,0,1.02
"152",2020-08-04,7203,727356,94,11176,1160,65,21,204,1,0,1.36
"153",2020-08-05,7991,735347,61,11237,1123,62,19,207,3,0,0.76
"154",2020-08-06,8561,743908,128,11365,1140,55,18,209,2,0,1.55
"155",2020-08-07,8780,752688,111,11476,1078,54,17,209,0,0,1.34
"156",2020-08-08,10167,762855,97,11573,1094,54,18,214,5,0,0.97
"157",2020-08-09,7414,770269,45,11618,1078,51,15,216,2,0,0.63
"158",2020-08-10,7061,777330,86,11704,988,49,15,218,2,0,1.39
"159",2020-08-11,8079,785409,116,11820,1019,47,14,220,2,0,1.57
"160",2020-08-12,7751,793160,72,11892,1007,49,13,222,2,0,1.01
"161",2020-08-13,8210,801370,81,11973,1001,48,13,222,0,0,1.12
"162",2020-08-14,10890,812260,104,12077,1022,46,13,222,0,0,0.99
"163",2020-08-15,8658,820918,83,12160,1056,48,13,225,3,0,0.95
"164",2020-08-16,8693,829611,95,12255,1085,50,11,226,1,0,1.13
"165",2020-08-17,8034,837645,85,12340,1127,53,14,227,1,0,1.19
"166",2020-08-18,9037,846682,81,12421,1069,52,15,228,1,0,1.01
"167",2020-08-19,9294,855976,101,12522,1049,50,15,229,1,0,1.25
"168",2020-08-20,9870,865846,140,12662,1112,44,12,229,0,0,1.45
"169",2020-08-21,10177,876023,88,12750,1096,48,12,231,2,0,0.9
"170",2020-08-22,10096,886119,103,12853,1126,47,11,232,1,0,1.05
"171",2020-08-23,8498,894617,70,12923,1145,48,11,236,4,0,0.87
"172",2020-08-24,8446,903063,73,12996,1114,48,9,236,0,0,0.96
"173",2020-08-25,9248,912311,125,13121,1155,51,9,236,0,0,1.44
"174",2020-08-26,10103,922414,104,13225,1133,53,11,237,1,0,1.17
"175",2020-08-27,10997,933411,153,13378,1161,51,11,237,0,0,1.42
"176",2020-08-28,10222,943633,142,13520,1216,47,11,237,0,0,1.44
"177",2020-08-29,11224,954857,181,13701,1322,44,11,237,0,0,1.75
"178",2020-08-30,12265,967122,109,13810,1355,49,13,238,1,0,1.02
"179",2020-08-31,9342,976464,152,13962,1372,52,13,239,1,0,1.69
"180",2020-09-01,8305,984769,109,14071,1379,53,12,240,1,0,1.38
"181",2020-09-02,9557,994326,132,14203,1391,50,13,240,0,0,1.44
"182",2020-09-03,10721,1005047,157,14360,1417,53,14,241,1,0,1.5
"183",2020-09-04,11395,1016442,169,14529,1489,53,16,242,1,0,1.61
"184",2020-09-05,11374,1027816,168,14697,1599,52,16,244,2,0,1.58
"185",2020-09-06,12100,1039916,134,14831,1660,50,14,245,1,0,1.19
"186",2020-09-07,12570,1052486,147,14978,1672,49,13,249,4,0,1.26
"187",2020-09-08,10507,1062993,97,15075,1558,50,10,250,1,0,1
"188",2020-09-09,9716,1072709,113,15188,1473,45,10,250,0,0,1.25
"189",2020-09-10,11983,1084692,116,15304,1423,43,9,251,1,0,0.98
"190",2020-09-11,12763,1097455,115,15419,1376,44,9,252,1,0,0.94
"191",2020-09-12,18920,1116375,166,15585,1455,45,9,252,0,0,0.89
"192",2020-09-13,14459,1130834,137,15722,1509,42,9,252,0,0,1
"193",2020-09-14,12992,1143826,123,15845,1461,49,11,252,0,0,0.96
"194",2020-09-15,12547,1156373,170,16015,1466,47,10,252,0,0,1.41
"195",2020-09-16,18136,1174509,182,16197,1491,48,10,252,0,0,1.05
"196",2020-09-17,12707,1187216,125,16322,1452,52,8,252,0,0,1.05
"197",2020-09-18,13830,1201046,137,16459,1434,59,9,252,0,0,1.03
"198",2020-09-19,14062,1215108,120,16579,1472,60,11,253,1,0,0.89
"199",2020-09-20,16262,1231370,152,16731,1547,61,13,254,1,0,0.97
"200",2020-09-21,13500,1244870,156,16887,1653,61,13,256,2,0,1.24
"201",2020-09-22,13662,1258532,128,17015,1612,62,14,258,2,0,1
"202",2020-09-23,13663,1272195,129,17144,1545,65,15,260,2,0,1.04
"203",2020-09-24,16685,1288880,124,17268,1551,69,17,260,0,0,0.85
"204",2020-09-25,14630,1303510,175,17443,1597,71,18,261,1,0,1.28
"205",2020-09-26,18583,1322093,155,17598,1623,69,18,262,1,0,0.91
"206",2020-09-27,14135,1336228,121,17719,1632,72,15,263,1,0,0.94
"207",2020-09-28,12583,1348811,127,17846,1629,70,13,263,0,0,1.08
"208",2020-09-29,15567,1364378,175,18021,1664,70,14,264,1,0,1.16
"209",2020-09-30,15243,1379621,154,18175,1668,74,15,268,4,0,1.05
"210",2020-10-01,14111,1393732,147,18322,1651,74,17,271,3,0,1.16
"211",2020-10-02,15888,1409620,222,18544,1736,79,18,275,4,0,1.5
"212",2020-10-03,14894,1424514,196,18740,1824,80,19,277,2,0,1.35
"213",2020-10-04,14479,1438993,213,18953,1926,76,18,278,1,0,1.49
"214",2020-10-05,18042,1457035,206,19159,1976,79,22,278,0,0,1.2
"215",2020-10-06,11770,1468805,243,19402,2082,88,22,280,2,0,2.12
"216",2020-10-07,13980,1482785,218,19620,2132,92,24,281,1,0,1.68
"217",2020-10-08,15356,1498141,186,19806,2158,91,22,282,1,0,1.35
"218",2020-10-09,16199,1514340,258,20064,2249,91,22,283,1,0,1.67
"219",2020-10-10,13888,1528228,250,20314,2375,98,24,284,1,0,1.93
"220",2020-10-11,16677,1544905,241,20555,2478,101,29,285,1,0,1.57
"221",2020-10-12,11474,1556379,221,20776,2548,103,26,285,0,0,2.03
"222",2020-10-13,14901,1571280,242,21018,2624,103,26,287,2,0,1.7
"223",2020-10-14,12796,1584076,242,21260,2674,107,27,287,0,0,2.01
"224",2020-10-15,14179,1598255,319,21579,2762,117,22,288,1,0,2.36
"225",2020-10-16,16032,1614287,307,21886,2829,117,29,289,1,0,2.01
"226",2020-10-17,12565,1626852,225,22111,2872,122,30,289,0,0,1.85
"227",2020-10-18,13598,1640450,370,22481,3078,120,34,291,2,0,2.89
"228",2020-10-19,13019,1653469,324,22805,3146,119,34,293,2,0,2.63
"229",2020-10-20,14955,1668424,392,23197,3301,113,32,295,2,0,2.88
"230",2020-10-21,14333,1682757,436,23633,3450,107,30,297,2,0,3.18
"231",2020-10-22,15548,1698305,442,24075,3594,106,26,301,4,0,2.89
"232",2020-10-23,16389,1714694,390,24465,3728,105,26,304,3,0,2.5
"233",2020-10-24,17134,1731828,578,25043,4129,107,26,306,2,0,3.54
"234",2020-10-25,12689,1744517,500,25543,4423,109,27,307,1,0,4.12
"235",2020-10-26,9649,1754166,416,25959,4679,116,25,309,2,0,4.57
"236",2020-10-27,10962,1765128,407,26366,4736,121,29,314,5,0,3.94
"237",2020-10-28,12858,1777986,479,26845,4865,130,27,320,6,0,3.94
"238",2020-10-29,13649,1791635,614,27459,5121,140,33,323,3,0,4.83
"239",2020-10-30,13827,1805462,589,28048,5385,135,32,326,3,0,4.39
"240",2020-10-31,13203,1818665,524,28572,5619,141,32,333,7,0,4.17
"241",2020-11-01,11638,1830303,605,29177,5947,151,37,338,5,0,5.34
"242",2020-11-02,8970,1839273,571,29748,6086,153,37,341,3,0,6.61
"243",2020-11-03,11167,1850440,537,30285,6231,157,42,350,9,0,5.05
"244",2020-11-04,14099,1864539,771,31056,6573,158,43,354,4,0,5.74
"245",2020-11-05,14155,1878694,736,31792,6914,170,44,361,7,0,5.49
"246",2020-11-06,15030,1893724,825,32617,7302,178,44,368,7,0,5.89
"247",2020-11-07,12167,1905891,640,33257,7606,183,46,373,5,0,5.59
"248",2020-11-08,11615,1917506,631,33888,7859,191,48,383,10,0,5.72
"249",2020-11-09,9323,1926829,724,34612,8000,206,53,389,6,0,8.22
"250",2020-11-10,12677,1939506,676,35288,8064,215,54,397,8,0,5.74
"251",2020-11-11,14924,1954430,855,36143,8253,224,61,400,3,0,5.98
"252",2020-11-12,14035,1968465,896,37039,8536,246,64,407,7,0,6.93
"253",2020-11-13,14322,1982787,1017,38056,9046,261,64,413,6,0,7.71
"254",2020-11-14,15603,1998390,983,39039,9555,271,68,422,9,0,6.72
"255",2020-11-15,12217,2010607,852,39891,9954,283,67,435,13,0,7.45
"256",2020-11-16,11539,2022146,766,40657,9996,292,71,449,14,0,7
"257",2020-11-17,13453,2035599,729,41386,9974,305,70,459,10,0,5.91
"258",2020-11-18,16468,2052067,1102,42488,10309,322,69,466,7,0,7.24
"259",2020-11-19,17768,2069835,1140,43628,10586,345,68,476,10,0,7.05
"260",2020-11-20,19343,2089178,1334,44962,11212,355,67,484,8,0,7.45
"261",2020-11-21,19571,2108749,1562,46524,12115,356,72,493,9,0,8.54
"262",2020-11-22,19567,2128316,1528,48052,13058,364,75,504,11,0,8.33
"263",2020-11-23,13649,2141965,1120,49172,13257,383,78,514,10,0,8.78
"264",2020-11-24,15714,2157679,1271,50443,13653,397,86,524,10,0,8.53
"265",2020-11-25,16000,2173679,1084,51527,13988,436,97,533,9,0,7.28
"266",2020-11-26,16353,2190032,1229,52756,14161,449,98,545,12,0,7.93
"267",2020-11-27,21746,2211778,1715,54471,14847,463,103,558,13,0,8.39
"268",2020-11-28,23384,2235162,1594,56065,15597,478,110,567,9,0,7.32
"269",2020-11-29,20593,2255755,1711,57776,16317,495,116,579,12,0,8.79
"270",2020-11-30,15884,2271639,1317,59093,16489,521,124,595,16,0,8.82
"271",2020-12-01,18518,2290157,1696,60789,17010,551,123,607,12,0,9.61
"272",2020-12-02,19698,2309855,1851,62640,17599,566,124,625,18,0,9.81
"273",2020-12-03,17311,2327166,1795,64435,18089,588,127,640,15,0,11.15
"274",2020-12-04,21186,2348352,1881,66316,18641,601,129,666,26,0,9.47
"275",2020-12-05,23543,2371895,1829,68145,19317,626,131,681,15,0,8.3
"276",2020-12-06,20472,2392367,1725,69870,19896,654,136,700,19,0,9.02
"277",2020-12-07,19195,2411562,1794,71664,20226,695,140,723,23,0,9.85
"278",2020-12-08,16892,2428454,1494,73158,20049,707,154,736,13,0,9.48
"279",2020-12-09,16891,2445345,1596,74754,20027,724,151,757,21,0,9.98
"280",2020-12-10,21105,2466450,1746,76500,20038,726,151,776,19,0,8.92
"281",2020-12-11,20347,2486797,1597,78097,19962,726,151,789,13,0,8.41
"282",2020-12-12,21833,2508630,1709,79806,20423,705,157,814,25,0,8.35
"283",2020-12-13,20496,2529126,1865,81671,20941,729,159,830,16,0,9.52
"284",2020-12-14,16468,2545594,1341,83012,20465,760,156,850,20,0,8.9
"285",2020-12-15,17644,2563238,1287,84299,19990,774,161,873,23,1,7.7
"286",2020-12-16,19960,2583198,1593,85892,19711,784,157,897,24,0,8.46
"287",2020-12-17,19672,2602870,1460,87352,19484,792,166,918,21,1,7.97
"288",2020-12-18,18664,2621534,1369,88721,19141,790,179,946,28,0,7.93
"289",2020-12-19,18156,2639690,1308,90029,19094,789,177,963,17,0,7.62
"290",2020-12-20,18499,2658189,1251,91280,19057,810,178,976,13,0,7.37
"291",2020-12-21,14367,2672556,1052,92332,18215,822,181,998,22,1,7.73
"292",2020-12-22,19445,2692001,1336,93668,17735,836,169,1023,25,1,7.45
"293",2020-12-23,15747,2707748,1130,94798,17156,852,177,1044,21,1,7.67
"294",2020-12-24,18182,2725930,1239,96037,16747,848,179,1066,22,1,7.32
"295",2020-12-25,14405,2740335,904,96941,16098,836,173,1093,27,0,6.67
"296",2020-12-26,7110,2747445,485,97426,15387,846,169,1117,24,1,7.44
"297",2020-12-27,9892,2757337,955,98381,15354,864,176,1144,27,0,10.35
"298",2020-12-28,11286,2768623,896,99277,14614,880,180,1160,16,0,8.32
"299",2020-12-29,15059,2783682,1364,100641,14419,903,178,1180,20,0,9.39
"300",2020-12-30,17143,2800825,1263,101904,14288,905,173,1198,18,0,7.65
"301",2020-12-31,16684,2817509,1360,103264,14256,892,167,1214,16,0,8.57
"302",2021-01-01,12952,2830461,921,104185,13837,877,171,1238,24,5,7.61
"303",2021-01-02,8365,2838826,466,104651,13282,889,167,1268,30,1,5.86
"304",2021-01-03,12233,2851059,1139,105790,13489,890,165,1292,24,2,9.87
"305",2021-01-04,10628,2861687,877,106667,13027,902,166,1317,25,1,8.62
"306",2021-01-05,16450,2878137,1148,107815,13050,880,165,1340,23,1,7.28
"307",2021-01-06,15094,2893231,966,108781,12864,847,159,1366,26,1,6.7
"308",2021-01-07,16994,2910225,1176,109957,13124,818,159,1386,20,3,7.21
"309",2021-01-08,13667,2923892,982,110939,13968,798,156,1403,17,1,7.54
"310",2021-01-09,12367,2936259,809,111748,13626,772,150,1427,24,3,6.87
"311",2021-01-10,9894,2946153,627,112375,13376,793,155,1455,28,0,6.65
"312",2021-01-11,9401,2955554,675,113050,12652,797,151,1472,17,0,7.5
"313",2021-01-12,15959,2971513,867,113917,12184,790,155,1496,24,2,5.79
"314",2021-01-13,16302,2987815,966,114883,11745,766,150,1506,10,1,6.31
"315",2021-01-14,13640,3001455,779,115662,11504,764,143,1521,15,1,5.91
"316",2021-01-15,12472,3013927,703,116365,12023,739,137,1538,17,5,5.92
"317",2021-01-16,11527,3025454,743,117108,11531,717,139,1557,19,6,6.81
"318",2021-01-17,8613,3034067,460,117568,11205,717,135,1574,17,2,5.65
"319",2021-01-18,7730,3041797,462,118030,10392,723,137,1587,13,2,6.27
"320",2021-01-19,14722,3056519,670,118700,9839,725,141,1611,24,0,4.88
"321",2021-01-20,14097,3070616,671,119371,9521,700,135,1627,16,4,5.03
"322",2021-01-21,13042,3083658,642,120013,9257,670,129,1640,13,2,5.09
"323",2021-01-22,10918,3094576,567,120580,9018,648,127,1653,13,3,5.52
"324",2021-01-23,10256,3104832,451,121031,8828,615,123,1670,17,2,4.57
"325",2021-01-24,7205,3112037,358,121389,8587,602,127,1682,12,1,5.3
"326",2021-01-25,8317,3120354,362,121751,7901,593,120,1698,16,10,4.48
"327",2021-01-26,12881,3133235,468,122219,7432,575,118,1705,7,0,3.83
"328",2021-01-27,12336,3145571,473,122692,7274,566,119,1714,9,4,4.09
"329",2021-01-28,11608,3157179,519,123211,7043,561,108,1725,11,12,4.63
"330",2021-01-29,10396,3167575,388,123599,6767,547,102,1733,8,4,3.89
"331",2021-01-30,8966,3176541,468,124067,6741,527,101,1742,9,6,5.45
"332",2021-01-31,7305,3183846,351,124418,6605,521,102,1749,7,5,5
"333",2021-02-01,7912,3191758,280,124698,6130,524,96,1758,9,8,3.64
"334",2021-02-02,13072,3204830,456,125154,5999,500,93,1766,8,11,3.66
"335",2021-02-03,11521,3216351,403,125557,5800,476,92,1779,13,12,3.64
"336",2021-02-04,10002,3226353,394,125951,5622,444,88,1784,5,15,4.12
"337",2021-02-05,10045,3236398,361,126312,5489,423,83,1795,11,22,3.78
"338",2021-02-06,8250,3244648,352,126664,5467,404,80,1800,5,7,4.34
"339",2021-02-07,6196,3250844,268,126932,5409,399,77,1808,8,6,4.52
"340",2021-02-08,7030,3257874,220,127152,5072,397,78,1813,5,2,3.51
"341",2021-02-09,10888,3268762,336,127488,4941,386,75,1821,8,13,3.27
"342",2021-02-10,9976,3278738,348,127836,4745,359,68,1829,8,16,3.6
"343",2021-02-11,8418,3287156,318,128154,4655,332,63,1842,13,10,3.85
"344",2021-02-12,8079,3295235,301,128455,4521,316,60,1849,7,25,3.85
"345",2021-02-13,7986,3303221,287,128742,4483,313,56,1852,3,8,3.83
"346",2021-02-14,5397,3308618,244,128986,4470,309,55,1855,3,4,4.65
"347",2021-02-15,5239,3313857,260,129246,4254,322,53,1860,5,7,5.33
"348",2021-02-16,7489,3321346,286,129532,4125,325,57,1865,5,10,4.07
"349",2021-02-17,10302,3331648,419,129951,4170,316,54,1867,2,8,4.39
"350",2021-02-18,9388,3341036,332,130283,4125,303,55,1873,6,7,3.71
"351",2021-02-19,8398,3349434,382,130665,4143,289,52,1877,4,15,4.8
"352",2021-02-20,7546,3356980,327,130992,4194,280,56,1878,1,19,4.52
"353",2021-02-21,6075,3363055,269,131261,4238,292,55,1882,4,11,4.64
"354",2021-02-22,6339,3369394,277,131538,4166,293,54,1887,5,19,4.5
"355",2021-02-23,9485,3378879,425,131963,4287,280,60,1888,1,24,4.83
"356",2021-02-24,9232,3388111,404,132367,4338,273,59,1891,3,21,4.57
"357",2021-02-25,9226,3397337,355,132722,4397,272,58,1896,5,32,4.05
"358",2021-02-26,7777,3405114,413,133135,4458,267,52,1901,5,32,5.54
"359",2021-02-27,7523,3412637,301,133436,4503,253,47,1903,2,16,4.28
"360",2021-02-28,5957,3418594,287,133723,4576,262,50,1906,3,35,5.1
"361",2021-03-01,5870,3424464,262,133985,4537,258,52,1909,3,14,4.62
"362",2021-03-02,10365,3434829,400,134385,4563,254,46,1913,4,34,3.94
"363",2021-03-03,9498,3444327,333,134718,4537,247,45,1914,1,27,3.7
"364",2021-03-04,10581,3454908,407,135125,4576,252,43,1916,2,38,4.07
"365",2021-03-05,8149,3463057,336,135461,4564,253,42,1919,3,31,4.2
"366",2021-03-06,8099,3471156,306,135767,4604,244,40,1922,3,47,3.93
"367",2021-03-07,5494,3476650,251,136018,4589,252,36,1923,1,33,4.55
"368",2021-03-08,5445,3482095,253,136271,4418,259,37,1928,5,36,4.74
"369",2021-03-09,10419,3492514,387,136658,4401,248,37,1930,2,47,3.79
"370",2021-03-10,10187,3502701,405,137063,4458,254,38,1935,5,73,4.13
"371",2021-03-11,9926,3512627,447,137510,4529,257,39,1939,4,58,4.64
"372",2021-03-12,8891,3521518,427,137937,4571,254,37,1944,5,67,4.99
"373",2021-03-13,8353,3529871,376,138313,4671,249,37,1948,4,64,4.66
"374",2021-03-14,6635,3536506,365,138678,4789,260,42,1952,4,76,5.73
"375",2021-03-15,6030,3542536,350,139028,4738,259,41,1955,3,73,6.09
"376",2021-03-16,10846,3553382,507,139535,4884,262,42,1956,1,113,4.91
"377",2021-03-17,10957,3564339,517,140052,5057,266,42,1956,0,125,4.95
"378",2021-03-18,11928,3576267,672,140724,5396,271,46,1959,3,198,5.78
"379",2021-03-19,9993,3586260,524,141248,5574,274,47,1960,1,127,5.32
"380",2021-03-20,11433,3597693,546,141794,5923,275,46,1963,3,155,5.02
"381",2021-03-21,7559,3605252,455,142249,6132,280,46,1967,4,180,6.2
"382",2021-03-22,7349,3612601,482,142731,6192,290,52,1971,4,173,6.89
"383",2021-03-23,12853,3625454,675,143406,6482,288,51,1973,2,197,5.42
"384",2021-03-24,14075,3639529,753,144159,6775,289,54,1975,2,244,5.51
"385",2021-03-25,13346,3652875,710,144869,7010,281,57,1981,6,213,5.66
"386",2021-03-26,11533,3664408,670,145539,7291,279,65,1985,4,255,5.84
"387",2021-03-27,11985,3676393,636,146175,7620,274,62,1985,0,279,5.57
"388",2021-03-28,8377,3684770,542,146717,7841,284,61,1988,3,249,6.71
"389",2021-03-29,8101,3692871,620,147337,7913,294,56,1990,2,297,7.91
"390",2021-03-30,13761,3706632,891,148228,8296,290,61,1993,3,443,6.66
"391",2021-03-31,13644,3720276,877,149105,8592,282,58,1996,3,442,6.74
"392",2021-04-01,13292,3733568,1071,150176,9118,287,61,1997,1,599,8.64
"393",2021-04-02,12123,3745691,1059,151235,9615,294,69,1997,0,602,9.03
"394",2021-04-03,11204,3756895,934,152169,10094,296,70,2000,3,547,8.69
"395",2021-04-04,9098,3765993,869,153038,10475,308,76,2001,1,502,9.85
"396",2021-04-05,9179,3775172,931,153969,10702,321,77,2002,1,538,10.7
"397",2021-04-06,14095,3789267,1357,155326,11363,324,78,2002,0,826,9.98
"398",2021-04-07,15244,3804511,1411,156737,12078,334,82,2005,3,832,9.6
"399",2021-04-08,15655,3820166,1532,158269,12937,343,83,2010,5,929,10.16
"400",2021-04-09,14406,3834572,1286,159555,13567,362,85,2010,0,787,9.27
"401",2021-04-10,14919,3849491,1169,160724,14170,383,91,2013,3,779,8.23
"402",2021-04-11,12328,3861819,1093,161817,14690,396,93,2018,5,700,9.37
"403",2021-04-12,11986,3873805,1050,162867,14900,406,91,2021,3,693,9.06
"404",2021-04-13,15777,3889582,1426,164293,15407,422,93,2025,4,917,9.34
"405",2021-04-14,17255,3906837,1645,165938,16060,418,87,2029,4,1062,9.83
"406",2021-04-15,16926,3923763,1605,167543,16599,425,91,2031,2,1104,9.88
"407",2021-04-16,16411,3940174,1502,169045,17159,447,92,2033,2,1027,9.51
"408",2021-04-17,15389,3955563,1471,170516,17751,453,101,2036,3,987,10.03
"409",2021-04-18,12606,3968169,1358,171874,18217,466,103,2039,3,923,11.07
"410",2021-04-19,13195,3981364,1346,173220,18271,491,105,2041,2,944,10.59
"411",2021-04-20,18454,3999818,1728,174948,18683,510,114,2047,6,1245,9.73
"412",2021-04-21,17578,4017396,1840,176788,18978,530,118,2052,5,1295,10.87
"413",2021-04-22,17619,4035015,1665,178453,19212,555,124,2059,7,1261,9.87
"414",2021-04-23,17748,4052763,1514,179967,19400,591,129,2064,5,1113,8.78
"415",2021-04-24,17053,4069816,1443,181410,19851,602,139,2070,6,1071,8.74
"416",2021-04-25,14886,4084702,1493,182903,20324,629,142,2076,6,1106,10.41
"417",2021-04-26,13770,4098472,1553,184456,20451,643,144,2079,3,1105,11.58
"418",2021-04-27,19000,4117472,1836,186292,20694,653,145,2085,6,1343,9.97
"419",2021-04-28,20601,4138073,2056,188348,21133,635,151,2091,6,1484,10.19
"420",2021-04-29,19001,4157074,1998,190346,21579,655,153,2094,3,1422,10.77
"421",2021-04-30,20495,4177569,2406,192752,22226,650,153,2099,5,1802,12.16
"422",2021-05-01,16626,4194195,1697,194449,22635,653,152,2102,3,829,10.6
"423",2021-05-02,15109,4209304,1967,196416,23294,658,151,2108,6,948,13.44
"424",2021-05-03,14601,4223905,1788,198204,23371,677,145,2113,5,601,12.51
"425",2021-05-04,20547,4244452,2279,200483,23902,664,141,2113,0,508,11.41
"426",2021-05-05,19972,4264424,2176,202659,24241,661,141,2116,3,475,11.35
"427",2021-05-06,18957,4283381,1948,204607,24598,652,143,2117,1,436,10.75
"428",2021-05-07,18844,4302225,2052,206659,24897,657,140,2120,3,436,11.15
"429",2021-05-08,15535,4317760,1583,208242,24896,660,148,2125,5,368,10.48
"430",2021-05-09,13988,4331748,1560,209802,25127,686,149,2128,3,328,11.77
"431",2021-05-10,11912,4343660,1511,211313,24759,702,155,2133,5,371,13.17
"432",2021-05-11,17588,4361248,1811,213124,24742,726,161,2135,2,373,10.68
"433",2021-05-12,15295,4376543,1593,214717,24390,716,167,2141,6,412,10.72
"434",2021-05-13,15068,4391611,1482,216199,23698,710,168,2147,6,396,10.22
"435",2021-05-14,12963,4404574,1237,217436,22832,685,170,2150,3,312,9.8
"436",2021-05-15,11886,4416460,1128,218564,22112,661,178,2153,3,351,9.82
"437",2021-05-16,7011,4423471,718,219282,21126,670,174,2157,4,242,10.47
"438",2021-05-17,8103,4431574,920,220202,19901,689,180,2162,5,364,11.64
"439",2021-05-18,10422,4441996,956,221158,18730,683,183,2166,4,275,9.34
"440",2021-05-19,9065,4451061,829,221987,17610,672,175,2168,2,278,9.53
"441",2021-05-20,10178,4461239,758,222745,16524,645,173,2173,5,289,7.83
"442",2021-05-21,9541,4470780,636,223381,15466,619,162,2181,8,269,6.95
"443",2021-05-22,6960,4477740,552,223933,14491,587,159,2188,7,200,8.2
"444",2021-05-23,5096,4482836,449,224382,13569,574,159,2196,8,182,9.01
"445",2021-05-24,4015,4486851,388,224770,12047,567,156,2202,6,206,10.21
"446",2021-05-25,5989,4492840,407,225177,10948,545,154,2206,4,208,7.16
"447",2021-05-26,9031,4501871,539,225716,10023,536,150,2208,2,437,6.2
"448",2021-05-27,7711,4509582,536,226252,9278,515,147,2215,7,419,7.03
"449",2021-05-28,6896,4516478,410,226662,8478,480,140,2220,5,295,6.15
"450",2021-05-29,6594,4523072,393,227055,8077,448,138,2223,3,314,6.19
"451",2021-05-30,4414,4527486,259,227314,7646,442,132,2227,4,204,5.98
"452",2021-05-31,4118,4531604,215,227529,6778,440,126,2229,2,165,5.54
"453",2021-06-01,8361,4539965,433,227962,6326,440,123,2232,3,346,5.76
"454",2021-06-02,6813,4546778,309,228271,5841,411,120,2243,11,248,4.64
"455",2021-06-03,5816,4552594,243,228514,5421,379,110,2245,2,183,4.04
"456",2021-06-04,6873,4559467,298,228812,5076,371,104,2246,1,246,4.79
"457",2021-06-05,5349,4564816,232,229044,4884,365,98,2247,1,187,4.71
"458",2021-06-06,4026,4568842,158,229202,4698,354,95,2251,4,124,3.95
"459",2021-06-07,3445,4572287,143,229345,4430,340,86,2254,3,107,4.27
"460",2021-06-08,8549,4580836,317,229662,4213,334,84,2256,2,263,3.9
"461",2021-06-09,5499,4586335,171,229833,3810,312,83,2261,5,123,3.24
"462",2021-06-10,6690,4593025,176,230009,3538,301,81,2266,5,130,2.91
"463",2021-06-11,5476,4598501,181,230190,3263,293,76,2267,1,142,3.29
"464",2021-06-12,5803,4604304,162,230352,3190,275,77,2269,2,125,2.91
"465",2021-06-13,3323,4607627,114,230466,3094,275,75,2273,4,83,4
"466",2021-06-14,4482,4612109,126,230592,2808,276,70,2278,5,93,3.06
"467",2021-06-15,6708,4618817,147,230739,2642,262,69,2282,4,112,2.16
"468",2021-06-16,6047,4624864,152,230891,2476,247,60,2282,0,109,2.45
"469",2021-06-17,5578,4630442,119,231010,2335,243,59,2289,7,92,2.19
"470",2021-06-18,5059,4635501,118,231128,2171,228,50,2290,1,83,2.51
"471",2021-06-19,4877,4640378,86,231214,2128,218,53,2290,0,59,1.76
"472",2021-06-20,2837,4643215,50,231264,2000,219,57,2293,3,40,1.9
"473",2021-06-21,5017,4648232,67,231331,1766,208,56,2293,0,53,1.34
"474",2021-06-22,6335,4654567,100,231431,1674,204,56,2293,0,72,1.63
"475",2021-06-23,5720,4660287,76,231507,1585,196,52,2293,0,45,1.43
"476",2021-06-24,7072,4667359,94,231601,1494,186,48,2294,1,66,1.43
"477",2021-06-25,6085,4673444,77,231678,1389,185,47,2296,2,57,1.36
"478",2021-06-26,4587,4678031,45,231723,1330,176,42,2297,1,37,0.98
"479",2021-06-27,4488,4682519,38,231761,1262,180,39,2300,3,28,0.85
"480",2021-06-28,3451,4685970,59,231820,1146,171,37,2301,1,32,1.54
"481",2021-06-29,6333,4692303,76,231896,1067,164,35,2301,0,53,1.12
"482",2021-06-30,5248,4697551,60,231956,1003,153,36,2301,0,42,1.28
"483",2021-07-01,5492,4703043,37,231993,900,143,34,2304,3,29,0.69
"484",2021-07-02,3931,4706974,35,232028,836,139,32,2304,0,27,1.04
"485",2021-07-03,4208,4711182,52,232080,836,136,31,2304,0,35,1.26
"486",2021-07-04,4268,4715450,39,232119,827,134,33,2305,1,21,0.94
"487",2021-07-05,4418,4719868,37,232156,761,136,32,2305,0,25,0.79
"488",2021-07-06,6162,4726030,64,232220,739,138,30,2306,1,39,0.88
"489",2021-07-07,5898,4731928,48,232268,694,128,31,2306,0,35,0.86
"490",2021-07-08,7316,4739244,57,232325,676,123,34,2306,0,31,0.78
"491",2021-07-09,5842,4745086,35,232360,644,114,34,2306,0,22,0.62
"492",2021-07-10,6021,4751107,30,232390,639,114,32,2306,0,17,0.5
"493",2021-07-11,4012,4755119,30,232420,621,108,33,2309,3,17,0.75
"494",2021-07-12,4994,4760113,32,232452,593,108,32,2309,0,14,0.7
"495",2021-07-13,6860,4766973,35,232487,561,108,32,2310,1,25,0.54
"496",2021-07-14,6215,4773188,50,232537,567,104,30,2312,2,33,0.82
"497",2021-07-15,6371,4779559,52,232589,576,107,27,2313,1,31,0.89
"498",2021-07-16,5518,4785077,49,232638,572,104,27,2314,1,32,0.96
"499",2021-07-17,5355,4790432,40,232678,578,101,27,2315,1,29,0.82
"500",2021-07-18,4347,4794779,41,232719,590,99,27,2315,0,38,1.01
"501",2021-07-19,5008,4799787,60,232779,592,96,27,2315,0,42,1.22
"502",2021-07-20,6483,4806270,88,232867,638,94,27,2317,2,67,1.47
"503",2021-07-21,6628,4812898,96,232963,665,90,26,2319,2,76,1.46
"504",2021-07-22,7621,4820519,166,233129,794,83,26,2319,0,148,2.27
"505",2021-07-23,6082,4826601,144,233273,905,84,23,2320,1,116,2.47
"506",2021-07-24,6290,4832891,135,233408,1004,80,22,2320,0,122,2.18
"507",2021-07-25,5370,4838261,91,233499,1062,81,21,2320,0,79,1.75
"508",2021-07-26,5427,4843688,137,233636,1155,83,21,2321,1,111,2.52
"509",2021-07-27,7131,4850819,205,233841,1320,84,18,2321,0,180,2.94
"510",2021-07-28,7864,4858683,222,234063,1495,88,20,2323,2,190,2.9
"511",2021-07-29,8292,4866975,197,234260,1643,90,19,2323,0,162,2.48
"512",2021-07-30,6701,4873676,236,234496,1812,93,18,2324,1,214,3.69
"513",2021-07-31,6027,4879703,223,234719,1991,92,17,2324,0,198,3.83
"514",2021-08-01,4392,4884095,141,234860,2084,92,20,2324,0,133,3.39
"515",2021-08-02,4478,4888573,124,234984,2140,91,23,2324,0,105,2.79
"516",2021-08-03,5434,4894007,204,235188,2245,99,23,2324,0,187,3.9
"517",2021-08-04,7475,4901482,396,235584,2493,104,24,2325,1,355,5.55
"518",2021-08-05,7297,4908779,364,235948,2687,113,26,2327,2,327,5.22
"519",2021-08-06,7800,4916579,391,236339,2933,119,26,2329,2,345,5.17
"520",2021-08-07,7708,4924287,375,236714,3204,118,24,2329,0,335,5.11
"521",2021-08-08,4472,4928759,241,236955,3336,130,27,2330,1,210,5.59
"522",2021-08-09,5445,4934204,286,237241,3430,136,29,2330,0,251,5.58
"523",2021-08-10,8640,4942844,500,237741,3735,143,32,2330,0,456,6.22
"524",2021-08-11,8606,4951450,548,238289,4067,156,36,2330,0,479,6.66
"525",2021-08-12,9313,4960763,579,238868,4404,159,38,2330,0,515,6.29
"526",2021-08-13,8016,4968779,567,239435,4773,162,39,2332,2,520,7.32
"527",2021-08-14,7152,4975931,450,239885,5060,158,44,2332,0,407,6.36
"528",2021-08-15,5331,4981262,387,240272,5298,173,44,2334,2,364,7.52
"529",2021-08-16,5493,4986755,410,240682,5575,186,45,2334,0,352,7.85
"530",2021-08-17,9229,4995984,669,241351,5872,193,48,2336,2,594,7.83
"531",2021-08-18,10006,5005990,818,242169,6311,209,44,2341,5,742,8.55
"532",2021-08-19,9033,5015023,747,242916,6648,231,47,2343,2,678,8.6
"533",2021-08-20,8977,5024000,807,243723,7098,248,48,2344,1,735,9.49
"534",2021-08-21,8420,5032420,677,244400,7524,244,50,2346,2,609,8.38
"535",2021-08-22,5615,5038035,467,244867,7705,257,54,2350,4,433,8.98
"536",2021-08-23,6026,5044061,641,245508,7875,275,58,2355,5,570,11.07
"537",2021-08-24,11785,5055846,1073,246581,8441,302,59,2359,4,979,9.58
"538",2021-08-25,10599,5066445,1099,247680,9010,321,64,2360,1,949,10.78
"539",2021-08-26,11593,5078038,1165,248845,9596,347,73,2364,4,1050,10.46
"540",2021-08-27,11448,5089486,1223,250068,10305,372,85,2368,4,1106,11.21
"541",2021-08-28,9542,5099028,952,251020,10877,397,87,2372,4,850,10.31
"542",2021-08-29,8353,5107381,860,251880,11357,422,97,2375,3,787,10.67
"543",2021-08-30,7513,5114894,916,252796,11582,455,106,2382,7,841,12.72
"544",2021-08-31,12166,5127060,1336,254132,12240,493,108,2388,6,1186,11.29
"545",2021-09-01,12468,5139528,1335,255467,12815,516,116,2391,3,1227,11.12
"546",2021-09-02,12626,5152154,1416,256883,13441,555,119,2396,5,1270,11.79
"547",2021-09-03,10472,5162626,1311,258194,13969,581,129,2404,8,1163,13.04
"548",2021-09-04,12863,5175489,1445,259639,14947,597,134,2414,10,1325,11.53
"549",2021-09-05,7526,5183015,815,260454,15186,612,142,2424,10,740,11.27
"550",2021-09-06,10450,5193465,1298,261752,15380,639,146,2433,9,1187,12.94
"551",2021-09-07,10777,5204242,1221,262973,15572,689,157,2440,7,1070,11.8
"552",2021-09-08,13849,5218091,1498,264471,15915,706,163,2447,7,1336,11.26
"553",2021-09-09,13678,5231769,1467,265938,16199,722,177,2457,10,1256,11.2
"554",2021-09-10,14590,5246359,1647,267585,16664,769,189,2466,9,872,11.76
"555",2021-09-11,12216,5258575,1479,269064,17413,785,193,2471,5,890,12.4
"556",2021-09-12,13368,5271943,1579,270643,18287,835,209,2482,11,575,12.19
"557",2021-09-13,11942,5283885,1422,272065,18145,854,223,2495,13,467,12.4
"558",2021-09-14,15891,5299776,1637,273702,18350,904,220,2507,12,633,10.74
"559",2021-09-15,16423,5316199,1721,275423,18644,926,222,2523,16,671,10.87
"560",2021-09-16,17387,5333586,2001,277424,19121,944,219,2536,13,704,11.88
"561",2021-09-17,16430,5350016,1598,279022,19266,952,215,2551,15,688,10.13
"562",2021-09-18,16562,5366578,1588,280610,20036,963,205,2566,15,678,9.93
"563",2021-09-19,13443,5380021,1431,282041,20512,989,220,2582,16,583,11.09
"564",2021-09-20,13716,5393737,1523,283564,20825,1028,224,2596,14,559,11.59
"565",2021-09-21,14584,5408321,1317,284881,20185,1070,237,2615,19,637,9.37
"566",2021-09-22,17995,5426316,1686,286567,20106,1084,234,2625,10,710,9.73
"567",2021-09-23,16947,5443263,1670,288237,19989,1101,247,2634,9,708,10.24
"568",2021-09-24,15926,5459189,1871,290108,20040,1100,254,2652,18,730,12.14
"569",2021-09-25,14874,5474063,1526,291634,20403,1076,262,2666,14,545,10.54
"570",2021-09-26,15075,5489138,1742,293376,21194,1099,266,2684,18,645,11.97
"571",2021-09-27,11173,5500311,1272,294648,20432,1134,262,2697,13,532,11.67
"572",2021-09-28,15073,5515384,1709,296357,20244,1108,268,2712,15,578,11.62
"573",2021-09-29,17641,5533025,1723,298080,20199,1107,264,2730,18,754,10.13
"574",2021-09-30,15886,5548911,1655,299735,20179,1091,264,2741,11,616,10.69
"575",2021-10-01,14537,5563448,1614,301349,20236,1087,261,2755,14,648,11.3
"576",2021-10-02,14330,5577778,1282,302631,20444,1113,259,2781,26,502,9.25
"577",2021-10-03,10429,5588207,1131,303762,20591,1103,258,2794,13,426,11.06
"578",2021-10-04,8034,5596241,699,304461,19413,1120,252,2809,15,385,8.96
"579",2021-10-05,15423,5611664,1267,305728,18895,1119,248,2819,10,584,8.4
"580",2021-10-06,15624,5627288,1246,306974,18387,1116,248,2828,9,612,8.23
"581",2021-10-07,14756,5642044,1266,308240,17818,1110,249,2845,17,569,8.79
"582",2021-10-08,13981,5656025,1093,309333,17081,1083,252,2856,11,481,7.9
"583",2021-10-09,11628,5667653,1046,310379,17126,1042,241,2867,11,389,9.11
"584",2021-10-10,7719,5675372,632,311011,16728,1064,244,2884,17,302,8.45
"585",2021-10-11,7346,5682718,605,311616,15264,1059,241,2897,13,190,8.39
"586",2021-10-12,8620,5691338,669,312285,14218,1027,236,2901,4,62,7.65
